channel,class,human_msgs,bot_msgs,threads,members,first,last,top_people,storage_links,signal_flags,purpose
toppan-web,client-web-build,3069,17,170,11,2026-01-02,2026-07-22,"Zac Forsman, Kerri Graber, Rachel Gunderson, Roslyn Cashman","Figma(48), GDocs(41), Trello(25), Accelo(18)",contract:2; proposal:5; template:7; process:12; renewal:3; kickoff:77,
university-athlete20251210,client-single,2715,1,265,29,2026-01-01,2026-07-23,"U096HK7GF36, U09ELUCTQTD, U09JU576AKV, U096HJY5S12","GDocs(51), Jira(30), Figma(15), GDrive(15)",contract:2; proposal:7; template:81; process:12; renewal:1; kickoff:39,
tsr-injury-law,client-single,1105,1,80,18,2026-01-05,2026-07-23,"Reed Langton-Yanowitz, Courtney Stageberg, Paige DeRoma, Sam P","GDocs(49), Accelo(21), Notion(2), GDrive(1)",proposal:4; template:3; process:5; renewal:5; kickoff:28,
prinsco-water-table-podcast,client-single,987,14,46,10,2026-01-16,2026-07-21,"Emma Noriega, Courtney Stageberg, Arin Seeger, Zander Tsadwa","GDocs(15), Accelo(4), GDrive(3)",proposal:11; template:9; process:6; kickoff:47,
water-cooler,noise/internal-ops,926,24,84,32,2026-03-26,2026-07-23,"Sam Kirchoff, Arin Seeger, Emma Noriega, Kate Berstene",,proposal:1; process:2,
maryland_oncology_hematology,client-single,918,6,99,12,2026-01-05,2026-07-22,"Rachel Gunderson, Emma Pavleck, Emma Noriega, Paige DeRoma","Accelo(46), GDocs(32), GDrive(4)",contract:1; proposal:2; process:6; kickoff:10,
frsecure,client-single,875,5,101,17,2026-01-05,2026-07-23,"Rachel Gunderson, Joey Merz, Paige DeRoma, Veronica Snyder (Johnson)","Accelo(61), GDocs(37), HubSpot(6), GDrive(3)",proposal:8; template:10; process:26; renewal:1; kickoff:8,
toppan-merrill-all,client-account,810,17,102,15,2026-01-02,2026-07-23,"Rachel Gunderson, Paige DeRoma, Joe Kerlin, Mark Van Cleve","Accelo(28), GDocs(24), Beautiful.ai(2), SharePoint(1)",proposal:2; template:2; process:5; kickoff:15,
ecowater-all,client-account,783,1,65,21,2026-01-05,2026-07-23,"Rachel Gunderson, Veronica Snyder (Johnson), Joey Merz, Kate Berstene","Accelo(23), GDrive(22), GDocs(20), HubSpot(3)",sow:1; proposal:6; template:2; process:10; kickoff:6,
renew-all,client-account,770,16,87,0,2026-01-02,2026-07-16,"Kaitlyn Benson, Emma Noriega, Devon Gjebre, Joe Kerlin","Accelo(40), GDocs(28), Figma(15), GDrive(1)",sow:3; proposal:1; template:2; process:7; renewal:55; kickoff:4,
idi-all,client-account,699,7,70,0,2026-01-05,2026-07-22,"Kate Berstene, Evan Wilberg, Steven Tondi, Joey Merz","GDocs(36), Accelo(11), Figma(8), Notion(4)",proposal:1; template:5; process:21; renewal:4; kickoff:5,
ispiri-web,client-web-build,699,4,54,9,2026-01-06,2026-07-21,"Casey MacLeod, Kaitlyn Benson, Carter S, Morgan May","Accelo(12), GDocs(7), Figma(6), GDrive(3)",proposal:3; template:3; kickoff:5,
general,noise/internal-ops,697,37,120,60,2026-01-05,2026-07-23,"Megan Terwilliger, Veronica Snyder (Johnson), Paul Patane, Sam Kirchoff","GDocs(5), GDrive(2)",sow:2; proposal:3; template:2; process:8; kickoff:1,This channel is for team-wide communication and announcements. All team members are in this channel.
nura-clinics-and-cpi-all,client-account,677,2,75,14,2026-01-06,2026-07-22,"Kaitlyn Benson, Emma Pavleck, Carter S, Devon Gjebre","GDocs(35), Accelo(8), Beautiful.ai(4), GDrive(2)",sow:1; contract:3; process:13; renewal:2; kickoff:4,
halco,client-single,650,3,64,15,2026-01-06,2026-07-23,"Emma Noriega, SJ Sajwani, Reed Langton-Yanowitz, Carter S","Accelo(57), GDocs(51), Beautiful.ai(2), GDrive(1)",sow:1; proposal:2; template:3; process:8; renewal:1; kickoff:23,
mgk,client-single,629,1,44,5,2026-01-09,2026-07-23,"Evan Wilberg, Casey MacLeod, Zac Forsman, Carolina Sewald","Accelo(18), Figma(10), GDocs(9), Loom(1)",proposal:2; process:1; kickoff:3,
mhub-web,client-web-build,627,4,32,8,2026-03-05,2026-06-22,"Jasper Tung, Zac Forsman, Joey Merz, Tony Notermann","GDocs(45), HubSpot(7), GDrive(2), Accelo(2)",sow:5; contract:1; process:12; kickoff:8,
cpc-all,client-account,592,2,79,10,2026-01-02,2026-07-23,"Kaitlyn Benson, Evan Wilberg, Steven Tondi, Sam P","GDocs(42), Accelo(35), GDrive(12), Figma(2)",sow:2; proposal:4; process:2; kickoff:7,
mmt-web,client-web-build,592,3,30,9,2026-01-09,2026-07-22,"Jasper Tung, Lauren C, Kerri Graber, Brody Howard","Figma(19), GDocs(10), GDrive(4), Beautiful.ai(2)",sow:3; template:6; process:6; kickoff:17,
ispiri-all,client-account,588,2,63,13,2026-01-02,2026-07-22,"Kaitlyn Benson, Emma Pavleck, Jason Goldenberg, Carter S","GDocs(34), Accelo(11), GDrive(2), Dropbox(1)",sow:1; proposal:3; process:3; renewal:2; kickoff:3,
metro-state-all,client-account,557,3,36,10,2026-01-07,2026-07-21,"Rachel Gunderson, Ben Wachholz, Steven Tondi, Paul Patane","Accelo(38), GDocs(25), GDrive(18), SharePoint(8)",sow:2; contract:3; proposal:1; template:1; process:3; kickoff:16,
worksmart-it-web,client-web-build,550,12,34,9,2026-01-30,2026-05-26,"Kerri Graber, Benito Speridon, Carter S, Brody Howard","GDocs(6), Figma(5), Beautiful.ai(2), Accelo(2)",template:9; process:2; renewal:1; kickoff:10,
alumiplate-all,client-account,533,5,51,13,2026-01-07,2026-07-23,"Kaitlyn Benson, Joey Merz, Evan Wilberg, Jason Goldenberg","GDocs(28), Accelo(8), HubSpot(3), SharePoint(1)",sow:1; contract:2; template:5; process:8; renewal:1; kickoff:4,
temp-hubspot-implement,client-hubspot/MA,529,1,58,0,2026-01-03,2026-02-17,"Joey Merz, U09CJEB1M46, UBXPEFS0Y, U096HK7GF36","HubSpot(22), GDocs(5), Notion(2)",contract:5; template:1; process:30; renewal:4; kickoff:1,
r55-internal-gougeon-brothers,client-single,490,4,58,14,2026-01-05,2026-07-22,"Robert Portnoy, Kate Berstene, Paige DeRoma, Emma Noriega","Accelo(35), GDocs(25), Figma(10), GDrive(5)",template:3; process:5; kickoff:2,
wagner-all,client-account,482,5,48,7,2026-01-02,2026-07-23,"Kate Berstene, Ben Wachholz, Heidi Boaz, Steven Tondi","GDocs(32), Accelo(17), GDrive(2), Beautiful.ai(1)",proposal:3; process:2; kickoff:5,
prinsco,client-single,467,7,47,13,2026-01-06,2026-07-22,"Courtney Stageberg, Emma Noriega, Arin Seeger, Zander Tsadwa","GDocs(57), Accelo(54), GDrive(5)",template:5; process:28; renewal:3; kickoff:13,
university-athlete,client-single,456,4,58,12,2026-01-05,2026-06-24,"Veronica Snyder (Johnson), SJ Sajwani, Jason Goldenberg, Ben Wachholz","Accelo(20), GDocs(16), GDrive(7)",template:7; process:7; renewal:2; kickoff:4,
blaine-brothers,client-single,455,2,36,13,2026-01-01,2026-07-23,"Rachel Gunderson, Kiley Moore, Aaron L, Zander Tsadwa","GDocs(20), Accelo(15), Beautiful.ai(1)",proposal:9; template:2; process:2; kickoff:1,
c2-properties-solution-all,client-account,439,9,34,13,2026-01-02,2026-07-22,"SJ Sajwani, Aaron L, Tony Notermann, Kaitlyn Benson","GDocs(16), Accelo(11), Figma(5), GDrive(2)",sow:1; proposal:1; template:5; process:6; renewal:2; kickoff:9,
otto-sport,client-single,435,4,59,14,2026-01-02,2026-07-15,"SJ Sajwani, Joey Merz, Jason Goldenberg, Veronica Snyder (Johnson)","GDocs(43), Accelo(13), GDrive(9), HubSpot(4)",proposal:1; template:1; process:17; renewal:3; kickoff:11,
mercury-mosaics-web,client-web-build,412,0,29,9,2026-01-05,2026-06-30,"Carter S, Casey MacLeod, Jill Fulton, Kaitlyn Benson","GDocs(19), Figma(13), Accelo(10), GDrive(1)",template:1; kickoff:2,
minnesota-oncology,client-single,404,2,38,8,2026-02-20,2026-07-23,"Emma Pavleck, Kaitlyn Benson, SJ Sajwani, Reed Langton-Yanowitz","GDocs(26), Accelo(13), Beautiful.ai(4), GDrive(1)",sow:2; template:2; process:1; kickoff:3,
atwell,client-single,395,1,37,14,2026-01-05,2026-07-23,"Kate Berstene, Rachel Gunderson, Paige DeRoma, Aaron L","Accelo(40), GDocs(40), GDrive(2), HubSpot(2)",contract:2; proposal:9; template:6; process:4; kickoff:3,
aftersun,noise/internal-ops,388,1,2,4,2026-06-03,2026-07-22,"Rachel Gunderson, Arin Seeger, Kiley Moore, Courtney Stageberg",,,
anderson_manufacturing-web,client-web-build,387,0,26,9,2026-01-05,2026-07-09,"Jasper Tung, Brody Howard, Pierre Balian, Lauren C","Figma(10), GDocs(6), GDrive(2), Accelo(1)",sow:2; proposal:1; template:6; process:16; kickoff:1,
tsr-injury-law-web,client-web-build,362,2,19,10,2026-01-29,2026-06-29,"Courtney Stageberg, Mike Voermans, Pierre Balian, Paige DeRoma","GDocs(7), GDrive(4), Accelo(4)",template:4; process:3; kickoff:6,
mmt-all,client-account,358,2,45,13,2026-01-05,2026-07-23,"Rachel Gunderson, Ben Wachholz, Steven Tondi, Carolina Sewald","Accelo(29), GDocs(10), GDrive(1), SharePoint(1)",process:5; renewal:1; kickoff:8,
tccc,client-single,338,1,38,13,2026-01-06,2026-07-21,"Rachel Gunderson, Veronica Snyder (Johnson), Jason Goldenberg, Austin Rodriguez","GDocs(19), GDrive(8), Accelo(7), Dropbox(2)",sow:1; process:5; renewal:2,
turn-style-all,client-account,337,2,37,13,2026-01-05,2026-07-22,"Paige DeRoma, Veronica Snyder (Johnson), SJ Sajwani, Sam Kirchoff","Accelo(11), GDocs(7)",,
delkor-hmi,client-single,333,0,9,3,2026-01-05,2026-06-25,"Kerri Graber, Morgan May, Roslyn Cashman, Brody Howard","Figma(23), GDocs(5)",process:1; kickoff:4,
movie-mondays,noise/internal-ops,322,8,38,30,2026-01-05,2026-07-21,"Paul Patane, Sam Kirchoff, Emma Noriega, Marisa Malahowski",,,"Home of the Collaborate or Die Film Club, for enjoyers of film and those interested in Movie Mondays programming."
mpls-in-office,noise/internal-ops,317,13,53,47,2026-01-02,2026-07-23,"Paul Patane, Megan Terwilliger, Sam Kirchoff, Marisa Malahowski",GDocs(4),kickoff:1,Updates and info for those in the R55 offices
work-smart-it,noise/internal-ops,313,3,25,0,2026-01-26,2026-07-09,"Carter S, Aaron L, Kaitlyn Benson, Marisa Malahowski","GDocs(16), Accelo(6), Notion(1)",proposal:1; template:1; kickoff:6,
halunen-law-web,client-web-build,311,3,21,0,2026-01-15,2026-07-01,"Jasper Tung, Benito Speridon, Brody Howard, Tony Notermann","GDocs(6), Figma(3), GDrive(2), Beautiful.ai(1)",proposal:1; process:1; kickoff:12,
heat-n-glo,client-single,302,1,25,8,2026-01-13,2026-07-22,"Kate Berstene, Carter S, Tony Notermann, Courtney Stageberg","Accelo(25), GDocs(17), GDrive(7), Beautiful.ai(2)",proposal:2; template:1; process:7; renewal:1; kickoff:6,
r55_out-of-office,noise/internal-ops,294,151,49,44,2026-01-05,2026-07-23,"USLACKBOT, Kaitlyn Benson, Paul Patane, Paige DeRoma",GDocs(4),process:3,
nivel-bolt-energy-web,client-web-build,290,1,36,8,2026-02-13,2026-06-11,"Jasper Tung, Mike Voermans, Morgan May, Joe Kerlin","Figma(17), GDocs(9), GDrive(2), Accelo(1)",process:4; kickoff:12,
random,noise/internal-ops,284,12,29,59,2026-01-02,2026-07-21,"Sam Kirchoff, Paul Patane, Rachel Gunderson, Arin Seeger",,kickoff:1,"A place for non-work-related flimflam, faffing, hodge-podge or jibber-jabber you'd prefer to keep out of more focused wo"
client_streamsong_rocket55,client-shared,282,1,31,0,2026-02-11,2026-07-01,"U029L663Y91, UEQ163J13, Emma Pavleck, Devon Gjebre","GDocs(15), Asana(8), GDrive(5), Accelo(1)",contract:1; process:6,
frsecure-web,client-web-build,278,5,14,7,2026-01-09,2026-06-05,"Kerri Graber, Brody Howard, Lauren C, Roslyn Cashman","Figma(9), GDocs(3)",template:6; kickoff:2,
stellar-kent-web,client-web-build,277,1,13,7,2026-01-08,2026-07-13,"Kerri Graber, Lauren C, Alex Samion, Morgan May","GDocs(15), Figma(12), Beautiful.ai(1), GDrive(1)",proposal:1; template:2; process:7; renewal:1; kickoff:4,
client_sewing_down_south_rocket55,client-shared,269,0,39,0,2026-01-20,2026-06-03,"U029L663Y91, UEQ163J13, Devon Gjebre, U04VD7F30TC","Asana(14), GDocs(11), GDrive(3)",process:3; kickoff:18,
toppan-merrill-field-marketers,client-single,268,0,36,6,2026-01-05,2026-07-23,"Rachel Gunderson, Paige DeRoma, Steven Tondi, Joe Kerlin","GDocs(37), Accelo(21)",process:5,
c2-properties-web,client-web-build,259,2,29,7,2026-04-23,2026-07-22,"Benito Speridon, Kerri Graber, Tony Notermann, Lauren C","GDocs(12), Accelo(6), Figma(4), Trello(2)",proposal:5; template:4; process:2; kickoff:2,
lagersmith,client-single,248,4,35,10,2026-01-02,2026-07-07,"Kaitlyn Benson, Emma Noriega, Zander Tsadwa, Carter S","Accelo(27), GDocs(16)",proposal:1; template:2; process:2; renewal:3; kickoff:1,
obviouslee-admin,client-admin(internal),237,1,18,4,2026-03-02,2026-05-05,"Devon Gjebre, Emma Pavleck, Carolina Sewald, Sara Dziedzic","GDocs(14), Accelo(13), Asana(5), GDrive(2)",contract:2; proposal:1; template:1; process:1; renewal:1; kickoff:6,
eck-spiritual-iq-web,client-web-build,216,1,21,9,2026-01-05,2026-06-26,"Kerri Graber, Morgan May, Roslyn Cashman, Kaitlyn Benson","Figma(12), GDocs(4), GDrive(2), Loom(2)",proposal:1; process:2; kickoff:2,
dogsdogsandmoredogs,noise/internal-ops,214,3,30,27,2026-02-04,2026-07-23,"Emma Noriega, Arin Seeger, Veronica Snyder (Johnson), Sam Kirchoff",,,
rainbow-treecare-services-all,client-account,214,2,23,12,2026-01-12,2026-07-22,"Emma Noriega, Courtney Stageberg, Kiley Moore, Zander Tsadwa","Accelo(34), GDocs(28), GDrive(1)",proposal:1; template:3; process:3; renewal:2; kickoff:4,
elite-web,client-web-build,213,1,11,0,2026-01-13,2026-07-22,"Kerri Graber, Brody Howard, Casey MacLeod, Roslyn Cashman","Figma(9), GDrive(3), GDocs(2)",kickoff:8,
halunen-law,client-single,212,0,16,9,2026-01-12,2026-07-23,"Kate Berstene, Aaron L, Joe Kerlin, Paul Patane","GDocs(8), Accelo(4), Notion(1), GDrive(1)",template:2; process:2; kickoff:5,
kafka-all,client-account,212,6,16,13,2026-01-05,2026-07-17,"SJ Sajwani, Arin Seeger, Joey Merz, Emma Noriega","Accelo(14), GDocs(12), HubSpot(4), GDrive(1)",proposal:2; process:9; kickoff:4,
rainbow-play-systems-all,client-account,206,3,17,15,2026-01-05,2026-07-23,"Kate Berstene, Aaron L, Zander Tsadwa, Cori A","GDocs(15), Dropbox(1), GDrive(1)",proposal:2; kickoff:1,
norton-homes-all,client-account,204,1,19,12,2026-01-02,2026-07-21,"Veronica Snyder (Johnson), Evan Wilberg, Emma Noriega, Emily Augustin","Accelo(6), GDocs(6)",template:1,
eckankar-all,client-account,198,0,19,7,2026-01-02,2026-07-22,"Kaitlyn Benson, Joe Kerlin, Rachel Gunderson, Rachel LaBerge","GDocs(20), Accelo(20), GDrive(1)",proposal:3,
gerbig-web,client-web-build,197,3,10,6,2026-01-05,2026-05-18,"Zac Forsman, Kerri Graber, Dylan Guerber, Kate Berstene",,process:2; kickoff:12,
ic-system-all,client-account,194,3,16,11,2026-01-15,2026-07-23,"SJ Sajwani, Aaron L, Joe Kerlin, Steven Tondi","GDocs(17), Accelo(5)",process:1,
ehlers-inc-web,client-web-build,180,0,6,8,2026-01-22,2026-07-20,"Kerri Graber, Casey MacLeod, Jasper Tung, Zac Forsman","Figma(6), Trello(1)",proposal:1; template:1; process:1; kickoff:5,
nivel-madjax-web,client-web-build,180,1,13,3,2026-01-05,2026-01-21,"Zac Forsman, Jasper Tung, Roslyn Cashman, Morgan May",Trello(5),template:6; kickoff:2,
sunrise-all,client-account,178,0,16,12,2026-01-15,2026-07-22,"Joey Merz, Courtney Stageberg, Rachel LaBerge, Zac Forsman","GDocs(15), Accelo(5), HubSpot(4), Figma(1)",proposal:8; template:1; process:1; kickoff:2,
catscatsandmorecats,noise/internal-ops,176,7,32,23,2026-01-22,2026-07-23,"Benito Speridon, Sam Kirchoff, Lauren C, Dylan Guerber",,,
industrial-manufacturing-pod-4,client-single,174,9,12,9,2026-03-19,2026-07-22,"Kiley Moore, Emma Noriega, Zander Tsadwa, Evan Wilberg","GDocs(3), Accelo(3)",contract:1; proposal:1; process:2; renewal:1; kickoff:1,
intense,noise/internal-ops,174,0,18,8,2026-01-08,2026-07-23,"Jasper Tung, Dylan Guerber, Mike Voermans, Morgan May","GDocs(2), Notion(1)",proposal:7; template:1; kickoff:2,Intense Discussions
thern,client-single,173,2,14,11,2026-01-07,2026-07-23,"Kate Berstene, Tony Notermann, Steven Tondi, Ben Wachholz","GDocs(20), GDrive(7), Accelo(3)",process:2; kickoff:1,wins and winches
ecoflix,client-single,170,1,11,0,2026-03-05,2026-04-28,"Kaitlyn Benson, Joey Merz, Devon Gjebre, Jennifer Kohnhorst","GDocs(6), Accelo(6), GDrive(1), Beautiful.ai(1)",sow:1; template:1,
delta-dental-all,client-account,169,0,21,10,2026-01-09,2026-07-21,"Kate Berstene, Emma Noriega, Carter S, Emma Pavleck","Accelo(15), GDocs(13)",sow:3; process:1,
book-club,noise/internal-ops,168,4,21,20,2026-01-05,2026-07-23,"Sam Kirchoff, Paul Patane, Rachel LaBerge, Arin Seeger",,,"Book List
When We Cease to Understand the World by Benjamín Labatut
The Nickel Boys by Colson Whitehead.
Mother Night by"
gougeon_r55,client-single,164,1,27,10,2026-01-05,2026-07-20,"Kate Berstene, U03AEJE8LVA, Robert Portnoy, Jeff Boss","GDocs(9), Figma(6), GDrive(2)",process:2; kickoff:2,
shoutouts,noise/internal-ops,153,7,30,50,2026-01-06,2026-07-22,"Paul Patane, Veronica Snyder (Johnson), Sam Kirchoff, Cori A",,sow:2; proposal:1; process:1; kickoff:2,"Let's recognize and celebrate the amazing work our teammates are doing—whether it’s going above and beyond for a client,"
sedgwick-all,client-account,142,0,12,8,2026-01-16,2026-07-16,"Evan Wilberg, Emma Noriega, Aaron L, Marisa Malahowski","GDocs(3), Accelo(3)",process:1,
rayus-radiology,client-single,141,1,14,11,2026-01-05,2026-07-23,"Evan Wilberg, Emma Pavleck, SJ Sajwani, Carolina Sewald","GDocs(15), Accelo(10), SharePoint(2)",process:2; kickoff:8,
rvi-web-build,client-web-build,140,0,7,0,2026-01-05,2026-04-06,"Kerri Graber, Pierre Balian, Joe Kerlin, Kate Berstene","GDocs(2), GDrive(1)",proposal:1; process:3; kickoff:9,
voans-all,client-account,139,0,7,7,2026-01-08,2026-07-22,"Rachel Gunderson, Jason Goldenberg, Katie, Marisa Malahowski","GDocs(8), Accelo(2)",template:1,
namsa-all,client-account,138,1,8,8,2026-01-20,2026-07-22,"Emma Noriega, Zander Tsadwa, Carter S, Tyler Hetland","GDocs(10), Accelo(3), Beautiful.ai(1)",sow:1; contract:2; proposal:2; template:1; process:1; renewal:1,
snap-fitness,client-single,133,2,22,8,2026-05-12,2026-07-17,"Veronica Snyder (Johnson), Miriam Cooper, Jason Goldenberg, Paul Patane","Accelo(11), GDocs(6), GDrive(2), Beautiful.ai(1)",proposal:1; template:1; process:3; kickoff:3,
sit-strings-all,client-account,132,6,11,0,2026-01-13,2026-07-16,"SJ Sajwani, Emma Noriega, Emma Pavleck, Arin Seeger","GDocs(9), Accelo(4)",proposal:1,
park-dental-partners,client-single,130,1,7,2,2026-02-04,2026-03-17,"Jasper Tung, Morgan May, Pierre Balian, Mike Voermans",Figma(3),,
tactile-medical-all,client-account,129,0,8,11,2026-01-06,2026-07-22,"Joey Merz, Kerri Graber, Jason Goldenberg, Paige DeRoma",GDocs(5),template:1; kickoff:1,
eckberg-lammers-all,client-account,128,1,11,10,2026-01-12,2026-07-21,"Kate Berstene, Rachel LaBerge, Emma Noriega, Aaron L","Accelo(15), GDocs(8), GDrive(1)",proposal:1; template:2; process:2; kickoff:2,
polywater-all,client-account,124,2,13,10,2026-01-09,2026-07-22,"Rachel Gunderson, Emma Noriega, Evan Wilberg, Zander Tsadwa","GDocs(11), Accelo(7), GDrive(1), HubSpot(1)",proposal:8; kickoff:2,
new-wave-all,client-account,123,2,11,14,2026-01-16,2026-07-23,"SJ Sajwani, Tony Notermann, Joe Kerlin, Sam Kirchoff","GDocs(26), Accelo(7), Beautiful.ai(2)",kickoff:1,
big-blue-boxes-all,client-account,121,1,11,0,2026-01-05,2026-06-05,"Emma Noriega, SJ Sajwani, Cori A, Mike Voermans","GDocs(7), Accelo(4)",sow:3; renewal:1; kickoff:1,
ecowater-admin,client-admin(internal),120,1,2,8,2026-01-06,2026-07-22,"Kate Berstene, Tyler Hetland, Rachel Gunderson, Sara Dziedzic","GDocs(8), Accelo(8)",sow:4; process:1,For all things strategy and account management.
bio-plastic-web,client-web-build,118,0,2,5,2026-01-06,2026-07-01,"Kerri Graber, Lauren C, Roslyn Cashman, Brody Howard","Figma(9), GDocs(7)",proposal:1; template:7; process:2; kickoff:2,
prestige-pools,client-single,115,0,9,6,2026-02-10,2026-07-17,"Emma Pavleck, Jason Goldenberg, Katie, Joe Kerlin",GDocs(1),process:1,
kolbe-windows,client-single,114,1,16,8,2026-01-05,2026-07-17,"Kate Berstene, Steven Tondi, Ben Wachholz, Carolina Sewald","Accelo(8), GDocs(6), GDrive(1)",template:1; renewal:1; kickoff:3,
msp-donations-and-aid,noise/internal-ops,111,3,10,0,2026-01-12,2026-05-18,"Veronica Snyder (Johnson), Paul Patane, Sam Kirchoff, Dylan Guerber",GDocs(2),,
cradlepoint-all,client-account,108,0,18,6,2026-01-14,2026-05-21,"Kaitlyn Benson, Steven Tondi, Carter S, Marisa Malahowski","Accelo(14), GDocs(10)",contract:2; kickoff:4,
trutech-all,client-account,107,1,7,7,2026-01-12,2026-07-21,"Evan Wilberg, Jason Goldenberg, Kaitlyn Benson, Marisa Malahowski","GDocs(14), Accelo(7), GDrive(1)",proposal:3; process:1,
festa-della-repubblica,noise/internal-ops,106,4,7,10,2026-01-05,2026-07-21,"Paul Patane, Kiley Moore, Emma Noriega, Courtney Stageberg",,,Preparing for the greatest Italian holiday of them all.
graco,client-single,101,1,10,7,2026-04-27,2026-07-23,"Evan Wilberg, Emma Noriega, Heidi Boaz, Kiley Moore","Accelo(10), GDocs(5), GDrive(2)",sow:1; proposal:1; process:4; renewal:1; kickoff:2,
tolomatic-all,client-account,97,0,12,9,2026-01-07,2026-07-16,"Emma Pavleck, Courtney Stageberg, Evan Wilberg, Zander Tsadwa","GDocs(13), Accelo(3)",proposal:1,
sheet-metal-connectors-all,client-account,95,2,5,10,2026-01-12,2026-07-23,"Kate Berstene, Tony Notermann, Joey Merz, Paul Patane",GDocs(17),proposal:1,
stellar-kent-web-dev-ext,client-web-build,95,1,2,7,2026-05-04,2026-06-17,"Zac Forsman, Kerri Graber, U018LP0EDCL, Jill Fulton",,proposal:2; template:1; process:1; kickoff:1,
ai,noise/internal-ops,92,1,14,30,2026-01-27,2026-07-21,"Mike Voermans, Pierre Balian, JJ Garven, Veronica Snyder (Johnson)",,process:2,Explore and share AI topics.
the-remedy-mental-health,client-single,88,2,7,5,2026-01-13,2026-07-22,"Emma Noriega, Kate Berstene, Zander Tsadwa, Nick Wiese","Accelo(13), GDocs(4)",template:2; kickoff:1,
skywater-web,client-web-build,82,1,4,8,2026-07-02,2026-07-23,"Kerri Graber, Tony Notermann, Eleni A, Lauren C","Figma(6), Accelo(1), Beautiful.ai(1), GDocs(1)",proposal:2; template:1; process:2; kickoff:6,
pm-am-resourcing,noise/internal-ops,80,2,8,12,2026-01-06,2026-07-20,"Kerri Graber, Steven Tondi, Kaitlyn Benson, Kate Berstene",GDocs(2),kickoff:1,
family-and-fun,noise/internal-ops,78,0,10,58,2026-02-02,2026-07-14,"Lauren C, Kiley Moore, Megan Terwilliger, Emma Noriega",,,"This channel is for us to share our lives outside of work. Feel free to post about your hobbies, pics of your kids, pets"
gorilla-all,client-account,78,1,8,5,2026-01-05,2026-06-02,"SJ Sajwani, Veronica Snyder (Johnson), Arin Seeger, Steven Tondi","GDocs(12), Accelo(2), HubSpot(1)",kickoff:1,
industry-news,noise/internal-ops,78,1,13,29,2026-01-12,2026-07-17,"Paul Patane, Veronica Snyder (Johnson), Mike Voermans, Joe Kerlin",,template:1; process:1,
amsoil-aerospace-web-build,client-web-build,77,0,6,4,2026-03-04,2026-04-01,"Dylan Guerber, Alex Samion, Heidi Boaz, Joe Kerlin","GDocs(3), Accelo(1)",process:2; kickoff:10,
park-dental-multisite,client-single,77,0,4,7,2026-06-17,2026-07-21,"Pierre Balian, Mike Voermans, Zac Forsman, Eleni A",Accelo(2),template:1,
ggj-franchise-lawyer,client-single,75,0,10,8,2026-01-27,2026-07-23,"Steven Tondi, Katie, Carter S, Paul Patane","GDocs(10), Accelo(4)",proposal:1,
team-sds-obviouslee,client-single,75,0,12,0,2026-02-05,2026-06-02,"U0AD4NY6CKV, U029L663Y91, UEQ163J13, U04VD7F30TC","GDocs(2), GDrive(1)",proposal:1; kickoff:11,
incertec-recurring,client-retainer,74,5,13,8,2026-01-05,2026-07-21,"Evan Wilberg, SJ Sajwani, Kiley Moore, Emma Noriega","GDocs(15), Accelo(6), Figma(3)",renewal:3,
tenx-all,client-account,71,3,8,8,2026-01-22,2026-07-22,"Rachel Gunderson, Emma Noriega, Zander Tsadwa, Evan Wilberg","GDocs(9), Accelo(9)",contract:1; kickoff:1,
jasco-all,client-account,68,0,5,5,2026-01-15,2026-04-24,"Devon Gjebre, Courtney Stageberg, Heidi Boaz, Sara Dziedzic","GDocs(4), Accelo(3)",contract:1; proposal:1; process:1; kickoff:1,
mhub-accelorator-campaign,client-single,66,1,1,4,2026-05-04,2026-06-23,"Carter S, Aaron L, Devon Gjebre, Tyler Hetland","Beautiful.ai(3), GDocs(1), GDrive(1)",process:1; kickoff:1,
brigade-hometown-exteriors-web,client-web-build,62,1,4,7,2026-05-07,2026-07-15,"Mike Voermans, Benito Speridon, Jill Fulton, Tony Notermann","GDocs(5), Figma(2), Beautiful.ai(1), GDrive(1)",kickoff:3,
standard-metrics-analytics,noise/internal-ops,62,0,1,3,2026-01-06,2026-02-25,"Kerri Graber, Heidi Boaz, Mark Van Cleve",Accelo(2),contract:1; process:1,
industrial-manufacturing-pod-5,client-single,57,8,2,6,2026-03-19,2026-07-23,"Kate Berstene, Courtney Stageberg, Steven Tondi, Nick Wiese","Accelo(2), GDocs(1)",process:1,
alerts-implementation,noise/internal-ops,53,191,31,10,2026-02-10,2026-07-21,"UCGQ2QABH, U09CJEB1M46, U0A8TFVHEAF, U0B0Z9AKJQG",HubSpot(2),contract:1; process:2; renewal:18,
namsa-web,client-web-build,53,0,3,7,2026-03-05,2026-07-16,"Eleni A, Joey Merz, Mike Voermans, Jasper Tung","GDocs(2), HubSpot(1)",proposal:2; template:1; process:1; kickoff:1,
foodies,noise/internal-ops,51,3,1,12,2026-03-23,2026-07-22,"Benito Speridon, Emma Noriega, Kate Berstene, Rachel Gunderson",,,
music,noise/internal-ops,50,0,5,16,2026-01-16,2026-07-21,"Sam Kirchoff, Dylan Guerber, Arin Seeger, Pierre Balian",,,"add links to music, no chat, just throw in links"
thrift_finds,noise/internal-ops,46,0,3,16,2026-04-08,2026-07-22,"Rachel Gunderson, Arin Seeger, Eleni A, Heidi Boaz",,,
gerbig-all,client-account,43,0,7,8,2026-01-08,2026-07-15,"Evan Wilberg, Kate Berstene, Zander Tsadwa, Emma Noriega","GDocs(3), Accelo(3)",proposal:1; kickoff:4,This channel includes all teams working on Gerbig Cleanrooms
anderson-chemical-web-build,client-web-build,42,1,3,7,2026-03-03,2026-07-21,"Kerri Graber, Paul Patane, Jasper Tung, Lauren C","Figma(2), Accelo(2)",,
client_bark_rocket55,client-shared,42,0,1,0,2026-02-24,2026-06-13,"U029L663Y91, U04VD7F30TC, Devon Gjebre, UEQ163J13",GDocs(2),process:4; kickoff:2,
mpa,client-single,42,1,4,7,2026-01-14,2026-07-16,"Courtney Stageberg, Emma Pavleck, Carter S, Jason Goldenberg","GDocs(10), Accelo(4)",proposal:1,
bkv,client-single,39,2,2,5,2026-06-17,2026-06-25,"Benito Speridon, Kerri Graber, Zac Forsman, Eleni A",,kickoff:4,
FC:F099E965KEF:Help requests tracker,overview-doc,38,0,6,0,2025-08-08,2026-01-14,"USLACKBOT, Pierre Balian, Kate Berstene, Zac Forsman",,,
show-entries-2025,noise/internal-ops,38,1,3,0,2026-01-05,2026-02-19,"David Lovett, Veronica Snyder (Johnson), Jennifer Kohnhorst, USLACKBOT",,,
f1,noise/internal-ops,37,0,6,7,2026-02-10,2026-07-02,"Paul Patane, Jason Goldenberg, Jasper Tung, Kate Berstene",,,Speedy Racecars
nirvana66,noise/internal-ops,36,1,0,8,2026-04-09,2026-04-30,"Emma Noriega, Cori A, Jeannie Ayres, Roslyn Cashman",Accelo(1),process:1,
sf-herb-co-all,client-account,36,2,2,7,2026-01-05,2026-07-23,"Emma Noriega, Kiley Moore, Marisa Malahowski, Courtney Stageberg","GDocs(10), Accelo(4)",,
amazon_content_design,client-single,34,1,2,2,2026-01-19,2026-02-11,"Paige DeRoma, Robert Portnoy, Roslyn Cashman, Lauren C","GDocs(2), Figma(2), GDrive(1)",template:1; process:1,
security-studio,noise/internal-ops,34,1,0,8,2026-06-11,2026-07-23,"Rachel Gunderson, Rachel LaBerge, Zander Tsadwa, Tyler Hetland",GDocs(2),sow:1; contract:1; renewal:1; kickoff:1,
eaglemaster,client-single,32,0,3,6,2026-01-28,2026-07-16,"Kate Berstene, Steven Tondi, Tony Notermann, Rachel Gunderson","GDocs(6), Accelo(1)",process:1,
redline-productivity-all,client-account,32,0,4,6,2026-01-12,2026-07-16,"Steven Tondi, Evan Wilberg, Courtney Stageberg, Zander Tsadwa","GDocs(6), Accelo(6)",,
amira-website-build,client-single,31,0,2,7,2026-01-29,2026-07-08,"Zander Tsadwa, Pierre Balian, Jasper Tung, Eleni A",Figma(1),,
preceptis-recurring,client-retainer,30,0,2,5,2026-01-14,2026-05-15,"Kate Berstene, Devon Gjebre, Joe Kerlin, Jason Goldenberg",GDocs(3),,
pd-ada,client-single,27,2,1,3,2026-01-19,2026-02-27,"Jasper Tung, Pierre Balian, Casey MacLeod, Benito Speridon",,process:1,
r55-ic-system-hubspot,client-hubspot/MA,26,1,2,6,2026-02-12,2026-02-19,"U08RWCECC07, U02LYD76JB0, U022WGQHLH4, U07BUJ5U659","GDocs(1), HubSpot(1)",,
soccer-realfootball-fansunite,noise/internal-ops,25,0,1,5,2026-02-02,2026-04-09,"Joe Kerlin, Kiley Moore, Reed Langton-Yanowitz, Ben Lohrding",,,A place to discuss anything/everything about the World's game.
stellar-kent-all,client-account,24,0,4,8,2026-01-14,2026-07-23,"Kaitlyn Benson, Noah Schmidt, Kerri Graber, Carter S",,,
usc-hrsm,client-single,23,1,2,0,2026-01-06,2026-03-02,"Kaitlyn Benson, Devon Gjebre, Carolina Sewald, Ellie Nordin",,,
FC:F0A87VC2B1N:The Show 2026 (2025 Entries),overview-doc,21,0,2,0,2026-01-07,2026-01-16,"Veronica Snyder (Johnson), USLACKBOT, Jennifer Kohnhorst","GDocs(2), GDrive(1)",,
meatball-sandwich-club,noise/internal-ops,20,0,2,12,2026-03-05,2026-07-22,"Paul Patane, Tony Notermann, Eleni A, Joe Kerlin",,,"Give me meatballs, or give me death."
in-office-meetings,noise/internal-ops,19,0,2,8,2026-01-06,2026-05-04,"Megan Terwilliger, Rachel Gunderson, Kate Berstene, SJ Sajwani",,,
prospect-us-safteygear,prospect,19,1,0,2,2026-02-04,2026-02-06,"Jake, Ben Wachholz, Paige DeRoma, Ben Lohrding",Beautiful.ai(1),,
verification-codes,noise/internal-ops,18,142,1,55,2026-01-02,2026-07-23,"Kaitlyn Benson, Benito Speridon, Pierre Balian, Brody Howard",,,
longevity-strategists-web,client-web-build,14,2,0,0,2026-01-05,2026-01-26,"Kerri Graber, Pierre Balian, Brody Howard, Zander Tsadwa",,proposal:1; kickoff:1,
total-vis-web,client-web-build,14,0,1,0,2026-01-12,2026-04-06,"Nelson Fox, Kerri Graber, Jake",,kickoff:1,
viaphoton,client-single,11,1,0,4,2026-04-28,2026-05-04,"Kaitlyn Benson, Sara Dziedzic, Tyler Hetland, Joe Kerlin",,,
FC:F0BHX39B3A6:Weekly Pod Meeting,overview-doc,10,0,0,0,2026-07-20,2026-07-20,Emma Noriega,Accelo(1),,
anderson_manufacturing,client-single,10,0,1,6,2026-01-08,2026-07-16,"Sara Dziedzic, Jason Goldenberg, Kaitlyn Benson, Evan Wilberg",,process:1,
mhub,client-single,10,1,0,4,2026-04-29,2026-05-01,"Kaitlyn Benson, Devon Gjebre, Aaron L, Tyler Hetland",,,
r55-mpls-women,noise/internal-ops,10,0,1,22,2026-04-06,2026-07-23,"Miriam Cooper, Elizabeth M, Eleni A, Jill Fulton",,,
hometown-exteriors-web,client-web-build,9,1,0,3,2026-01-08,2026-04-07,"Alex Samion, USLACKBOT, Morgan May, Zac Forsman",,,
skywater-tech-web,client-web-build,9,2,0,0,2026-04-14,2026-07-02,"Jill Fulton, Kerri Graber, USLACKBOT, Eleni A",,,
FC:F08Q3G6KLPR:Upcoming OOO,overview-doc,8,0,0,0,2025-06-03,2026-01-15_file_shares,"USLACKBOT, Alex Samion, Christine Maness, Steven Tondi",GDocs(3),,
FC:F0B3ARS4QH4:Snap Fitness,overview-doc,8,0,0,0,2026-05-12,2026-06-26_file_shares,Veronica Snyder (Johnson),"GDocs(2), GDrive(2)",,
FC:F0A812S966M:Channel Overview,overview-doc,7,0,0,0,2026-01-08,2026-04-22_file_shares,"Alex Samion, Kerri Graber","GDocs(4), GDrive(1), Beautiful.ai(1)",,
FC:F0AJ50J02SY:Upcoming Clients & Work :balance:,overview-doc,7,0,0,0,2026-03-02,2026-03-19,"Devon Gjebre, Carolina Sewald, USLACKBOT",GDrive(1),,
larson-engineering,client-single,7,1,0,2,2026-03-18,2026-04-01,"Morgan May, Alex Samion, Casey MacLeod, Jasper Tung",,kickoff:1,
rocket55marketing,noise/internal-ops,7,1,0,7,2026-04-30,2026-07-22,"Cori A, Elizabeth M, Paul Patane, Emma Noriega",,,
sewing-down-south,client-single,7,1,0,0,2026-01-23,2026-03-02,"Carolina Sewald, Devon Gjebre, Kaitlyn Benson, Jake",,,
toppan-admin,client-admin(internal),7,0,0,6,2026-01-05,2026-04-01,"Sara Dziedzic, Kaitlyn Benson, Tyler Hetland, Rachel Gunderson",,,
FC:F0A6PRMDRRR:Resources,overview-doc,6,0,0,0,2026-01-07,2026-05-07_file_shares,"Paige DeRoma, Emma Noriega","Notion(1), GDocs(1)",,
accelo-help,noise/internal-ops,6,0,0,23,2026-03-09,2026-05-18,"Jennifer Kohnhorst, Roslyn Cashman, Sam Kirchoff, Elizabeth M",,,
keyword-research-hall-of-fame,noise/internal-ops,6,0,1,5,2026-02-04,2026-04-08,"Marisa Malahowski, Paul Patane, Emma Noriega, Sam Kirchoff",,,
tier1-all,client-account,6,0,1,0,2026-01-08,2026-07-15,"Rachel Gunderson, Ellie Nordin, Devon Gjebre, Kerri Graber",,,
C0AT03WMTGT--atwell-marketing-hub,client-single,5,1,0,3,2026-04-15,2026-04-16,"U07BUJ5U659, U09AKRLGTRC, USLACKBOT, Jennifer Kohnhorst",,,
FC:F09DHUWTYF6:Atwell Overview,overview-doc,5,0,0,0,2026-01-26,2026-04-20,"Kate Berstene, Paige DeRoma","Beautiful.ai(1), SharePoint(1)",renewal:1,
FC:F0A7SLVFV8X:Donations & Aid Resources,overview-doc,5,0,0,0,2026-01-12,2026-01-22,"Veronica Snyder (Johnson), Joe Kerlin, Emma Pavleck",,,
FC:F0AQGEVSQ0Z:Transition List (who do I need to meet with),overview-doc,5,0,0,0,2026-03-31,2026-03-31,Emma Noriega,,,
homes-for-heroes-all,client-account,5,0,0,0,2026-01-15,2026-03-20,"Courtney Stageberg, Jason Goldenberg, Ben Wachholz, Paul Patane","Accelo(1), GDocs(1)",,
tier1-performance-web,client-web-build,5,0,0,0,2026-01-06,2026-01-29,"Joe Kerlin, Kerri Graber",,,
ux-analytics-gang,noise/internal-ops,5,0,0,2,2026-01-07,2026-03-12,"Heidi Boaz, Morgan May, Brody Howard",,kickoff:1,
FC:F0B1UNKAR8X:Resources,overview-doc,4,0,0,0,2026-06-05,2026-06-05_file_shares,Emma Noriega,GDocs(2),,
FC:F0BJD4BENS3:Latest Status Report,overview-doc,4,0,0,0,2026-07-21,2026-07-21,Kerri Graber,,,
apex_transfers,client-single,4,0,0,3,2026-01-06,2026-01-06,"Sam P, Ellie Nordin, Sara Dziedzic, Steven Tondi",,,
botanic-innovations-all,client-account,4,0,0,2,2026-03-25,2026-04-08,"Emma Pavleck, Kaitlyn Benson, Sam Kirchoff, Kiley Moore",,,
hp-nerds,noise/internal-ops,4,0,0,0,2026-03-25,2026-07-08,"Morgan May, Sam Kirchoff, James Ernst, Kate Berstene",,,:zap::heart::yellow_heart::blue_heart::green_heart::zap:️
FC:F09EHS2APGR:Resources,overview-doc,3,0,0,0,2026-04-09,2026-04-09_file_shares,Emma Noriega,GDocs(1),,
FC:F09JHF148Q4:Turn Style Overview,overview-doc,3,0,0,0,2025-10-02,2026-06-24,"Christine Maness, Carter S",GDocs(2),,
FC:F09ULUSGSUQ:Channel Overview,overview-doc,3,0,0,0,2025-11-18,2026-03-12,"Alex Samion, Kaitlyn Benson","GDocs(2), Beautiful.ai(1)",,
FC:F0A2XGZ16H3:Gougeon Brothers Overview,overview-doc,3,0,0,0,2025-12-15,2026-01-05,"USLACKBOT, Paige DeRoma",,,
FC:F0ABVCRDS2U:Work Smart IT,overview-doc,3,0,0,0,2026-01-26,2026-02-25,"Paige DeRoma, USLACKBOT",Notion(1),,
delkor-marketing-automation,client-single,3,0,0,0,2026-04-30,2026-04-30,"Paul Patane, Joey Merz",,,
di-labs-project,client-single,3,0,0,0,2026-01-07,2026-07-16,"Courtney Stageberg, Devon Gjebre, Emma Noriega",GDocs(1),,
fireflies-recap-gems,noise/internal-ops,3,0,0,0,2026-04-06,2026-05-06,"Kerri Graber, Sam Kirchoff, Kate Berstene",,,"Fireflies hears all, and understands some, and provides recaps that without context can be posted here. Please be respec"
halloween,noise/internal-ops,3,0,0,0,2026-03-09,2026-05-19,"Jennifer Kohnhorst, James Ernst, Paul Patane",,,For Rocket55 Halloween 2025 programming.
reporting,noise/internal-ops,3,0,0,7,2026-05-18,2026-07-16,"Vinnie, James Ernst",,,
FC:F09HYEJFJRM:Toppan Merrill Overview,overview-doc,2,0,0,0,2026-02-19,2026-02-19_file_shares,Paige DeRoma,GDocs(1),,
FC:F0A86HGJE2V:Important Links,overview-doc,2,0,0,0,2026-04-20,2026-04-20,Brody Howard,,,
FC:F0AHEUL6M6X:Links,overview-doc,2,0,0,0,2026-02-27,2026-02-27_file_shares,Paige DeRoma,GDocs(1),,
blackice,client-single,2,0,0,0,2026-07-20,2026-07-20,Kate Berstene,,,
ecowater-delete,client-single,2,0,0,0,2026-03-20,2026-03-20,Kate Berstene,,,
ed-post-all,client-account,2,0,0,4,2026-03-09,2026-04-08,"Jennifer Kohnhorst, Sam Kirchoff",,,
eti-search,client-single,2,0,0,8,2026-03-09,2026-04-22,"Jennifer Kohnhorst, Rachel Gunderson",,,
fullerton-all,client-account,2,0,0,0,2026-03-25,2026-03-26,"Emma Pavleck, Kaitlyn Benson",,,
hall-of-fame-shame-emails,noise/internal-ops,2,0,0,0,2026-02-10,2026-03-20,Paul Patane,,,Drop your favorite and least favorite emails here. See if the rest of us feel the same as you.
ic-system-web,client-web-build,2,0,0,3,2026-03-09,2026-05-15,"Jennifer Kohnhorst, Benito Speridon",,,
maryland-oncology-hematology-admin,client-admin(internal),2,0,0,2,2026-01-08,2026-01-08,"Rachel Gunderson, Sara Dziedzic",,,
mytech-all,client-account,2,0,0,4,2026-03-09,2026-04-30,"Jennifer Kohnhorst, Heidi Boaz",,,
pride-full,noise/internal-ops,2,0,0,7,2026-01-09,2026-03-09,"Alex Samion, Jennifer Kohnhorst",,,
superatv-all,client-account,2,0,0,0,2026-03-09,2026-05-18,"Jennifer Kohnhorst, Kate Berstene",,,
versare-paid-hubspot-analytics,client-hubspot/MA,2,0,0,1,2026-04-30,2026-05-14,"Heidi Boaz, Zac Forsman",,,
FC:F09DB1FC1K7:Maryland Oncology Hematology Overview,overview-doc,1,0,0,0,2025-11-26,2025-11-26,Paige DeRoma,GDocs(1),,
FC:F09EWTMMNQY:Channel Overview,overview-doc,1,0,0,0,2026-03-12,2026-03-12,Kate Berstene,Figma(1),,
FC:F0A52T0NEH0:TSR Resources,overview-doc,1,0,0,0,2025-12-23,2025-12-23,Paige DeRoma,,,
FC:F0AA4UX1KS7:Helpful Links,overview-doc,1,0,0,0,2026-01-22,2026-01-22,Rachel Gunderson,GDocs(1),,
FC:F0ALF9650S3:Ecoflix Resources,overview-doc,1,0,0,0,2026-03-17,2026-03-17,Kaitlyn Benson,,,
FC:F0B4YJCM7K6:Staging,overview-doc,1,0,0,0,2026-05-19,2026-05-19,Kerri Graber,,,
analytics-questions,noise/internal-ops,1,0,0,0,2026-04-30,2026-04-30,Heidi Boaz,,,
ascend-public-charter-schools,client-single,1,0,0,0,2026-01-09,2026-01-09,SJ Sajwani,,,
beautiful-ai,noise/internal-ops,1,0,0,0,2026-07-08,2026-07-08,Kate Berstene,,,
clients-in-the-wild,noise/internal-ops,1,0,0,0,2026-04-17,2026-04-17,Paul Patane,,,
codabow-all,client-account,1,0,0,0,2026-02-19,2026-02-19,Paul Patane,,,
david-plan-and-stuff,noise/internal-ops,1,0,0,2,2026-05-18,2026-05-18,Nick Wiese,,,
evocharge-all,client-account,1,0,0,0,2026-01-07,2026-01-07,Paul Patane,,,
evocharge-web,client-web-build,1,0,0,0,2026-01-07,2026-01-07,Jasper Tung,,,
franchise-lawyers-web,client-web-build,1,0,0,2,2026-04-30,2026-04-30,Heidi Boaz,,,
gateway-fiber-all,client-account,1,0,0,1,2026-04-08,2026-04-08,Sam Kirchoff,,,
help-1password,noise/internal-ops,1,1,0,9,2026-01-14,2026-05-15,Benito Speridon,,,"This channel is for requesting help with any 1Password migration, setup, or usage issues."
jb-consolidation-web,client-web-build,1,0,0,2,2026-04-30,2026-04-30,Heidi Boaz,,,
johnson-brothers,client-single,1,0,0,1,2026-06-17,2026-06-17,Kerri Graber,,,
joia-spirit-web,client-web-build,1,0,0,2,2026-04-30,2026-04-30,Heidi Boaz,,,
marmon-web,client-web-build,1,0,0,0,2026-04-07,2026-04-07,Kerri Graber,,,
nepsis-web-build,client-web-build,1,0,0,5,2026-03-09,2026-03-09,Jennifer Kohnhorst,,,
nesnah-ventures,client-single,1,0,0,0,2026-02-11,2026-02-11,Paul Patane,,,
new-wave-web,client-web-build,1,0,0,2,2026-06-26,2026-06-26,Tony Notermann,,,
northern-star-scouting,client-single,1,0,0,0,2026-03-26,2026-03-26,Kaitlyn Benson,,,
notion-help,noise/internal-ops,1,0,0,3,2026-05-18,2026-05-18,James Ernst,,,
nura-dev,client-single,1,0,0,0,2026-04-09,2026-04-09,Kerri Graber,,,
onegold,client-single,1,0,0,1,2026-03-09,2026-03-09,Jennifer Kohnhorst,,,
parallax-web,client-web-build,1,0,0,4,2026-03-25,2026-03-25,Mike Voermans,,,
prospect-prospect_hill-hubspot,prospect,1,0,0,1,2026-04-14,2026-04-14,SJ Sajwani,,,
question-the-quo-all,client-account,1,0,0,0,2026-05-11,2026-05-11,Kiley Moore,,,
r55-product-marketing,noise/internal-ops,1,0,0,0,2026-02-19,2026-02-19,Jennifer Kohnhorst,,,
rainylakehouseboats-all,client-account,1,0,0,0,2026-04-24,2026-04-24,Courtney Stageberg,,,
ready-credit-corp,client-single,1,0,0,2,2026-03-09,2026-03-09,Jennifer Kohnhorst,,,
redstar-r55-group-channel,client-single,1,0,0,0,2026-04-24,2026-04-24,Courtney Stageberg,,,
risata-wines-web,client-web-build,1,0,0,1,2026-04-30,2026-04-30,Heidi Boaz,,,
sanderson-multilingual-web,client-web-build,1,0,0,3,2026-03-18,2026-03-18,Mike Voermans,,,
star-blends,client-single,1,0,0,2,2026-04-30,2026-04-30,Heidi Boaz,,,
subassist-all,client-account,1,0,0,2,2026-05-18,2026-05-18,Nick Wiese,,,
tenx-web,client-web-build,1,0,0,1,2026-04-30,2026-04-30,Heidi Boaz,,,
timberwolves,noise/internal-ops,1,0,0,4,2026-05-18,2026-05-18,James Ernst,,,
tricam-web,client-web-build,1,0,0,3,2026-04-01,2026-04-01,Jasper Tung,,,
trio-capital-web,client-web-build,1,0,0,0,2026-01-29,2026-01-29,Kerri Graber,,,
upsell-nepsis-baseintel,upsell,1,0,0,1,2026-03-18,2026-03-18,Mike Voermans,,,
upsell-the_remedy-baseintel,upsell,1,0,0,1,2026-03-18,2026-03-18,Mike Voermans,,,
versare-amazon,client-single,1,0,0,0,2026-01-28,2026-01-28,Carolina Sewald,,,
versare-general,client-single,1,0,0,10,2026-04-15,2026-04-15,Arin Seeger,,,
versare-ma,client-single,1,0,0,0,2026-01-09,2026-01-09,SJ Sajwani,,,
versare-paid,client-single,1,0,0,0,2026-01-09,2026-01-09,SJ Sajwani,,,
versare-sxo-social,client-single,1,0,0,5,2026-03-09,2026-03-09,Jennifer Kohnhorst,,,
versare-web,client-web-build,1,0,0,1,2026-04-30,2026-04-30,Heidi Boaz,,,
voomsonic-all,client-account,1,0,0,0,2026-04-07,2026-04-07,Kerri Graber,,,
web-questions,noise/internal-ops,1,0,0,5,2026-05-18,2026-05-18,Nick Wiese,,,Use this channel to ask the web team any questions about web tasks and tasking
wikipedia,noise/internal-ops,1,0,0,0,2026-02-19,2026-02-19,Paul Patane,,,
1password-alerts,noise/internal-ops,0,26,0,3,2026-01-06,2026-07-21,,,,
1password-notifications,noise/internal-ops,0,15599,0,1,2025-12-31,2026-07-23,,,,
anomaly-detections,noise/internal-ops,0,855,0,3,2026-01-01,2026-07-23,,,,
